{
  "learning_rate": 0.07334354830026403,
  "max_depth": 49.0,
  "min_child_weight": 18.443922492065713,
  "reg_alpha": 0.06509096934569422,
  "reg_lambda": 0.028219477769531237,
  "seed": 42,
  "objective": "binary:logistic"
}